UserID,LoginUsername,TemporaryPassword,Status
1,joel_perez,i2aHsL40r4Ysa9,created
2,david_mcintosh,ItMfLdbSfuUez8,created
3,gary_kirk,UgiR0rT6WfRRmK,created
4,hunter_bryant,4QKJDyJ3BYcnFa,created
5,hayley_king,8qNJzGunACThd3,created
6,shelby_turner,dUwQfe4186jGMV,created
7,cindy_hayes,Ckv5tNXjBFmuUW,created
8,jamie_moody,jjHzVIPn7fy0Xh,created
9,pamela_smith,kYUrV7dM045cJG,created
10,nikhil,DQvfugIElf8DpP,created
11,kimberly_thompson,U3bqO43rpOs2MF,created
12,heather_green,n8OltcFx14D6YT,created
13,joseph_massey,S4UY87IAQkkueU,created
14,shane_acosta,BFpaOJ9fsWTbpt,created
15,jennifer_miller,1MYLMuVgeV4RtR,created
16,carmen_wong,EalSuWcLaeCbDL,created
17,sharon_collier,j77yIrcZxLgNK9,created
18,theresa_dunn,N1cCaEy1Gb1MUI,created
19,robert_johnson,wVLpHkOr4oQKp9,created
20,steven_walker,o4hbh8zG5ABWyq,created
21,meghan_steele,B25Qja6T4ZAzYc,created
22,jennifer_stephens,l4M82IjEhZf8vA,created
23,norman_hall,GZfZYsiEr8RFpN,created
24,marisa_evans,YqSZGPckxJQR7b,created
25,michael_fernandez,U1esG80d9kkdon,created
26,edgar_weiss,mVODXJVoQdUQrM,created
27,anthony_armstrong,PnaN0WEZb5GkHD,created
28,rebecca_hahn,yr4QOs8ky1ERbT,created
29,francis_gallegos,dDxWVGKVdGUPk4,created
30,john_allen,LTIokQlViTtSwE,created
31,andrea_mays,fDVYtUtOlfagxL,created
32,carl_landry,vdY4v15srZtDJ3,created
33,bruce_smith,rJMuAACP7OIXn5,created
34,david_kramer,RlkmlkqDwpHIHQ,created
35,diana_jackson,Q0ta2UeFcKWVv2,created
36,shannon_ware,C6lCjkgUdRUJh9,created
37,jessica_smith,mtVDeK0lyt5Hh1,created
38,emily_barrera,tSZ2ZtTZYB0fUR,created
39,joshua_best,Pkx2L0GyzP13jO,created
40,erik_diaz,G0CDXGQNWmiWCq,created
41,benjamin_wiggins,A826JhcCTVZ2fx,created
42,douglas_allen,nJkAqvOqUK8l07,created
43,lisa_holloway,MxtzPevdBwi0A4,created
44,garrett_bradford,AbiNYq511IzToU,created
45,william_gray,0dxkGqATFpyJKp,created
46,ashley_kennedy,cIYke5psBeOxTP,created
47,kyle_hines,v0RDxd2KX000kO,created
48,kenneth_maddox,A3NVagpcgTZZSd,created
49,michael_kennedy,kBfQTx2dnpHNxQ,created
50,robert_miller,PIT8dy6BcreRw6,created
51,jeremy_bailey,oUF7AzMlBlhLL9,created
52,stacey_roberts,EAZAYzs7ltbQlt,created
53,patricia_hammond,y17MZgHWbiwchZ,created
54,tyler_hernandez,e8oh7wldlUauEg,created
55,tammy_forbes,OLCPbxpNj50TU9,created
56,makayla_salazar,fNzfQp0Yh8aBnn,created
57,thomas_pennington,tIfPCsMT1LD5xE,created
58,natalie_vang,Cp5qYPfux90Nsv,created
59,laura_benton,hJjTCJAzvS48zK,created
60,ronald_leblanc,S2wQpxd3uM5tJd,created
61,robert_sampson,UCBsvs8SUEzFoh,created
62,scott_stephens,5qCJstxilsONlE,created
63,kim_thompson,YCbUepCpjxkLdK,created
64,lori_pena,0KsDTRxvcLhHJD,created
65,charles_edwards,HHtnYxYrWCUKf6,created
66,margaret_ramirez,O6KfwoN2UxCsoi,created
67,jason_avila,zFGpesWrdA32JW,created
68,elizabeth_merritt,XGhYhOh4OCrpYy,created
69,renee_potter,0ITz9EoGCXJf7I,created
70,nancy_armstrong,3em74IKJrX0Aot,created
71,melissa_huff,aOnnn7yLTfaip4,created
72,steven_harvey,iNoeUI1Kg8hZk3,created
73,vincent_shields,uDdNDpAkkuoCMm,created
74,timothy_phillips,6NiAhXS3elENfe,created
75,cameron_hayes,4HiQlyCX38h9Jx,created
76,katie_watkins,9HIWNzuwp7wIbo,created
77,brad_page,pP66dAcoiqvwob,created
78,elaine_drake,KT7fPjiiPc58yU,created
79,patrick_kramer,MmG0Nynby2WGln,created
80,michele_howard,m3kgA3c9mo8BQN,created
81,megan_walton,FY757OJ59liOSA,created
82,terri_snyder,b1lSmlwpStIt4c,created
83,megan_barber,ybCMOYGrPblzbT,created
84,elizabeth_carroll,jdpkb6x5SKXyyd,created
85,christopher_wilson,psXmuBIDPFxMhE,created
86,russell_weber,etnORbwVEzXIjL,created
87,olivia_cobb,SpmnB8qITDD7MW,created
88,desiree_case,xN7YzewUDKrtBb,created
89,kathleen_parker,HMJgdt1iDfehdG,created
90,james_williams,NyUaNJhYA1zJxE,created
91,paul_williams,xNOnhsc4hZuftJ,created
92,jeffery_thompson,eoqmp4QxVrP6yD,created
93,denise_hernandez,tQKQBwb3plnlkU,created
94,david_farrell,pqslzZGJ484vqy,created
95,jennifer_rice,rWPs3dHwWLCsu8,created
96,margaret_rush,borTAhlJXNOYuT,created
97,james_cohen,kHYqBsSvqd8AJK,created
98,joshua_simpson,EG4tvcXqm1PV8J,created
99,darren_cruz,1B9QCfG10pbXLq,created
100,stanley_ortiz,y6jUkW8VGpGnB8,created
101,thomas_hall,SMsZ1Zx92D0Nla,created
102,matthew_bowman,ARBmxVd2FiJ5ML,created
103,ariana_bridges,8LQ8dGld5pTuSD,created
104,michelle_bryant,JXx7qcwgQ5viYH,created
105,jeffrey_patel,T5ievIoMTs5SdD,created
106,jeffrey_gregory,ANS7qtx2VcuHcF,created
107,susan_warren,UpdBvNIXNWfS8b,created
108,robert_simmons,qamKuwgG8ylWeR,created
109,wayne_johnson,uVEzlItvj93VUE,created
110,julie_wiley,MyWM46NuS5TEbb,created
111,melissa_reed,ylTXq4OduJRvYW,created
112,paul_burke,eFUIEyO0wEgvcB,created
113,matthew_hall,DaZlplwA2MQy2N,created
114,william_salazar,0vRzeMCWJFnxxu,created
115,daniel_lawson,vqr1ZUkFJ2MFgW,created
116,ricky_parker,7FEnwrVNRZeDi6,created
117,tammy_franco,5idVJIcfXFt6zR,created
118,veronica_ward,2AMDXVHSoyEAkS,created
119,rhonda_espinoza,TZUbyfNHdh2HCz,created
120,victor_james,AEUwVolDsRILUo,created
121,shaun_cole,f3i9cirw7ijgUC,created
122,melvin_allen,tUp1QmI87EBIF6,created
123,christina_williams,Bq3Jxq6m13IQok,created
124,michael_sanchez,pBvfik88wwevAo,created
125,jennifer_martinez,DXnoGfJyIwCCFc,created
126,stephanie_daniels,Futyjp8cqXlsk6,created
127,ronald_tyler,XSW6EnMyjMSWlZ,created
128,cindy_krause,ttNCxkQv9uU5y5,created
129,shane_browning,ut0YkKH8YHgM1h,created
130,jessica_bryant,SLUo6hpHo9YIOY,created
131,jessica_kelly,VC7tVpwOHXbqDb,created
132,kevin_miles,YN3Yg9XRXI4jqE,created
133,angela_martin,67hwEJF3UACyj0,created
134,william_russell,4FtmoMOP3ogxeS,created
135,kevin_smith,MmJah3qotD6IhD,created
136,albert_hutchinson,9YbCjz78Ulsq0H,created
137,john_king,ODvfC3wMKT4siq,created
138,kelsey_hawkins,iv4c3z2IB0YHo5,created
139,david_frost,nCsKJZPnGQDBPj,created
140,daniel_meyers,fvO9Srg5aqbMne,created
141,natasha_ball,DSnvI1QxuKDfyb,created
142,julie_petersen,0fyX3z8DySXq3r,created
143,mark_sims,ruYkpwJRbnsvjf,created
144,melissa_johnson,1EHgzzqLFA5Nvl,created
145,janet_mcclain,5SZ6YuKtfAyiAL,created
146,heather_collins,vqUkacUb3kR4VD,created
147,brittany_spears,MZAf99jN2fKwJc,created
148,brian_banks,sQC8pw7M6t8Nwr,created
149,matthew_moss,T6dV7MouaFuawR,created
150,gary_hebert,4V4CrAAxcK4Xl0,created
151,sarah_campbell,XuE4GdFv9H02n3,created
152,alexander_potts,oCODhbiVPCcTc9,created
153,kenneth_smith,NtWJzlo8HunheJ,created
154,angela_pearson,EwQicKnoRRkAI5,created
155,evan_robinson,LCpoYPGvgud1HK,created
156,megan_nelson,vBFfYII1pQEATl,created
157,zachary_orozco,rYvbzzUW2m1edI,created
158,meagan_atkins,jOkbzLxhGl7lBl,created
159,david_gordon,gV2D3xkfmhgqRT,created
160,jacqueline_daniels,jBdWWyA4LMBCup,created
161,clarence_osborne,ys1jCGxRZ8MWCb,created
162,keith_parsons,NN9bEFQGxsZLHn,created
163,david_harper,7pFZrhKZqRhqKI,created
164,luis_gibson,23kF9wSsNP1TFU,created
165,mark_walker,mvccppVilfyZZz,created
166,david_english,6GgWXdn2I4RE20,created
167,deanna_camacho,e148ZWgF8sRmYt,created
168,jeffrey_walker,vNMORmaLTFiOCe,created
169,barbara_beck,Dekiw911NtFpZM,created
170,andrew_peters,hlDnifpTam3aXX,created
171,allen_gonzalez,Y6kCoK2yZB0GEP,created
172,andrea_johnson,EG8fyt9T3ilgA2,created
173,thomas_hamilton,AATD7hLwwbiNBg,created
174,tina_stewart,YE6yFSM8DlpXoT,created
175,kenneth_hardin,TdO3KLCMSRuzzP,created
176,john_johnson,7z2PeoWP8rLyUr,created
177,corey_simon,yvfmpUSzigU6ML,created
178,julie_brooks,FajMWGb6c63tme,created
179,jose_monroe,8Q0yMwpmF4NkKH,created
180,julie_thompson,RiU7aAeVwv81k2,created
181,crystal_beasley,2M6w66RfGpza2E,created
182,christina_mckay,9ix9Q3UEXnRtfc,created
183,kelly_scott,sxUf6CZqE4CC7U,created
184,kelsey_pearson,W7nOWR9WEDN3I6,created
185,daniel_oneal,z3o3ExpvHd4PoW,created
186,derek_erickson,UbKNK7POrzA1cZ,created
187,maria_nguyen,g9dK35oquo3y2z,created
188,jonathon_stewart,lEma4ldeIKuCMO,created
189,antonio_allen,aclUgmyEuSbfQI,created
190,gregory_atkins,vrMRRAvH2iLDp7,created
191,russell_terry,5o0ltjlkGhrtpU,created
192,joseph_hernandez,551AFugFGnXls3,created
193,cassandra_wilson,TUzNXFro33qmRv,created
194,katrina_thompson,S55lap6Jb9jOj0,created
195,cynthia_hampton,7qIOmAQAOTx0f3,created
196,bonnie_miller,MAlQmZ5XNRN8ME,created
197,sarah_smith,Xa3B2dbUA94ROn,created
198,cathy_taylor,moBctBaBBMdzrY,created
199,austin_martin,YnCmg6qJWAmBOm,created
200,shelly_sanders,k6Pv3xb8W2d60q,created
201,jennifer_lee,WkIZZXwsHh1tve,created
202,devin_morales,5z4Qi4GEJYjqVY,created
203,carmen_garza,UD24HKwdiQ0Pyh,created
204,cody_wagner,8I6bNVGZ7JJrLh,created
205,christina_garcia,KomQ0DS5zwwWLa,created
206,elizabeth_jordan,z8dzsmCjUvcb3R,created
207,lisa_ross,O3P3vlZ6duZZln,created
208,heather_sims,DOsagP4V4yzMap,created
209,kenneth_copeland,fY49uhvRIAnNUI,created
210,douglas_mcdaniel,vKP1ZbBDsunYei,created
211,karina_castillo,nEr8mORW9wAvZ5,created
212,julia_cline,dbaBY8NBFV52zh,created
213,sarah_simmons,8qHYaZhu6Rwjhe,created
214,catherine_harrison,up5EvQqX4qlMEL,created
215,sara_brown,Yopyylq1LNbVcB,created
216,jacob_rodriguez,NWJdrJipB7vUuO,created
217,luis_gonzalez,pzvZoIoPH66CAX,created
218,mary_dominguez,KeLzATHWhQAGar,created
219,justin_harper,OLP38OQzy20iwE,created
220,james_davis,pSTJ8zFUoKW2n2,created
221,vicki_mccoy,bLLbAvuIaYUzHB,created
222,colleen_allen,gO2LBBEo53iaVu,created
223,robert_logan,FVZ9cwGxerPhCt,created
224,peter_bell,1Vib32CiK13Xio,created
225,david_reese,34zOD3zQP2sQPM,created
226,renee_morgan,4iXhKVrDbuXOoL,created
227,cynthia_gaines,2I6iBQo039wqWT,created
228,joseph_davis,wZxkC4hWDUG5Vo,created
229,brianna_bennett,4kBKRNfJd8gYlb,created
230,michele_thompson,NbC9Nzh6cB8dJb,created
231,michael_lloyd,mgWiNqW0pzsPaj,created
232,joshua_bell,fb2bGhk4xc1zom,created
233,mark_robinson,7C1Swk6wTFh9aj,created
234,nicholas_larson,EIoouLcSX1sfbz,created
235,david_rivas,bfM9s7d0I6K50n,created
236,melissa_massey,3EYFcAJFNux0qH,created
237,brian_macdonald,vQcH2zrF6JNhSJ,created
238,brandon_rodriguez,NW9qahF8DUVlcf,created
239,mindy_tyler,LFUtlLgr1ndHMP,created
240,norman_casey,nq5vAymrvKTn5d,created
241,michael_gross,zTXxDDo41eIfko,created
242,nicole_mcdaniel,DMihFA4CXSX03U,created
243,william_ochoa,hQj7FiBH1KZmar,created
244,stephanie_anderson,YPHqKAOL1GMKQ4,created
245,matthew_dunlap,E0zds1aDLKQaj0,created
246,jessica_wong,Rq4y0JPvNiNMBn,created
247,jenny_bates,scE7RuaWvLCev7,created
248,lauren_morris,ZxKBfuadQLu1ac,created
249,john_bennett,8DuSmiuX2eW1SO,created
250,joyce_austin,xcQyQpb0iFwL6L,created
251,maria_miller,z3khuRzqSXzhcr,created
252,steven_parker,YSOybfXKgLY9Xw,created
253,patricia_dean,bw2XsDKPKoUybr,created
254,patricia_cunningham,hj1VMCYXXnm1a2,created
255,amber_rodriguez,jNcWFn0vvFmdjB,created
256,dennis_anderson,UIzoyrhBxm6XBK,created
257,veronica_lara,1AiXgr4CjRgTYx,created
258,crystal_fox,kQqIJngsoipfVm,created
259,maria_wright,UPvsBAFze6WbSs,created
260,timothy_shannon,jCMhqhQysUdgxx,created
261,marcus_brown,RoJijuLPnyEH1Q,created
262,jason_morales,sC1cdjtoDsGOk1,created
263,dawn_vargas,bxPOPo69gCj7Kx,created
264,roberto_jenkins,YIqSHbtKa7eI1z,created
265,jacqueline_suarez,uxu6S1kp4JvfX1,created
266,samantha_holmes,t3102S0C3qj1Pw,created
267,lori_nielsen,AOXqdciKTUSl3j,created
268,eric_wheeler,4svp9YLpsI59sm,created
269,warren_mcclain,YI3fmAMNuyRbIP,created
270,kyle_schwartz,qZUAZFZxfSvUVT,created
271,carla_wagner,y70jNEidPeVrR4,created
272,robert_brown,sLH6zhaWOVKpsd,created
273,mark_nunez,H9Vxqdjb59TydF,created
274,linda_rivera,F1nb8LtnaTyct6,created
275,courtney_jones,PZhvf4I5R7j8hO,created
276,maxwell_smith,4xSCjxrv9HTZaY,created
277,jasmine_robinson,gfiud37lIXNoaK,created
278,thomas_house,FUjW2DB1XUBUkU,created
279,amanda_martinez,NQpFByYVqi3AVU,created
280,larry_grant,iYYGmBRkyLkfcu,created
281,james_ross,6mfw6jkmqsOKis,created
282,michael_chaney,z17Ae7Y87F7WnT,created
283,monica_fitzgerald,XlengR739n1FlP,created
284,brian_nelson,XdtJZ07Lp1R8ox,created
285,crystal_curry,56ijHpZX6zOTOC,created
286,amanda_kim,GqYIiAwtyX7fb5,created
287,raymond_mathews,jT3W0Qa0kcbeCQ,created
288,kelly_stone,LYUqph1zpZ2o2P,created
289,michelle_burns,wuR6p2EtBpl0iu,created
290,tammy_cain,FxWXy7LGoCJNrJ,created
291,christopher_allen,dZx51RNgz1B6WO,created
292,laurie_bailey,rYe9xbk9dI1jlN,created
293,jared_terrell,frQB6ebfyBMFsy,created
294,michelle_whitney,gO3SrOyjMIejfl,created
295,amber_clements,urEsObs5mPDl8P,created
296,marissa_martinez,YZT6l8KpIAxBbv,created
297,bradley_short,bVoAJVYKQjWC20,created
298,matthew_meyers,hpxphraJ8fboOE,created
299,wendy_newton,2lygPh983kX6U8,created
300,barbara_stein,0JHciOiTHgTFSg,created
301,terri_blankenship,lUtDNxndolIC0r,created
302,kimberly_hernandez,WJUtmJcAzLUv7W,created
303,denise_dunn,La0OkQA7ng3ehN,created
304,michael_dennis,DOzxc9RDUFUpQZ,created
305,kathy_miller,i5Nmj0IsHsm8a7,created
306,seth_herrera,wzGUyezHdlZ0aG,created
307,benjamin_smith,asZSWQywGw0X2H,created
308,april_parsons,Qe2YiZR4UvD3OO,created
309,christopher_anthony,iLyhJ3zL36zHI7,created
310,donald_lewis,aOq7RG8IyIMYbt,created
311,david_stanton,OZmg7Dn5bwd5Se,created
312,steven_ramirez,PbvmDeOAqU99Jf,created
313,sabrina_carpenter,OFQO4SSqadPeaW,created
314,kathy_ward,8bROkgd72MPJT0,created
315,keith_wilson,CXw5WMEKly1zFN,created
316,tiffany_gregory,8CTo3riIMLg3F7,created
317,kenneth_rodriguez,kpJPGj2VX1w0tp,created
318,margaret_lowery,RlvdQHzjA1wanC,created
319,carrie_vargas,orLE703DgCiido,created
320,kimberly_reilly,p6EXIxB17pXWUs,created
321,jennifer_smith,lHVasZeDEHmfKb,created
322,john_perez,GJ3HXaMc2e03hV,created
323,julie_matthews,k62vrbFygV8lWL,created
324,jessica_norman,nrVeOUS7E1lo6i,created
325,tammy_bean,tzSJexjIhDCwqZ,created
326,daniel_simmons,erWDPIjTwlYwIg,created
327,sandra_manning,MOJUPYBTrexdfS,created
328,charles_mcpherson,GGBruvWP6dbj87,created
329,heather_cooper,GZ1OrlyzuO4v7F,created
330,erin_horton,KiUZMbBimQVr10,created
331,jeffrey_schmidt,vbxQHhsSnEPiA5,created
332,kimberly_mendez,CcIjK4qrUFKwvX,created
333,matthew_watkins,tAchlrp17XoFoG,created
334,david_everett,MPeQI0lCrbWSwb,created
335,richard_golden,1Hnnpx3XC4WQpL,created
336,sarah_taylor,y97AlyplFUKFza,created
337,isaac_swanson,fswP6bT8J37R2E,created
338,william_walton,AeXL5PX1dRrd74,created
339,angela_peterson,Y7uVbgEXr6rnWV,created
340,sandra_rodriguez,lJmmR0gNOv39Sw,created
341,christy_palmer,GJIqgzaTA0vUDM,created
342,robert_walls,cEFQLr8qEg08wX,created
343,jared_jones,P8XZckCRKivzGL,created
344,michelle_finley,BKZu5zQWny3cca,created
345,carolyn_yates,H5hEPunAJ0TXsO,created
346,kyle_todd,Mr6YCr308rrHI1,created
347,patrick_hardin,vKVfPT6EpiAint,created
348,michelle_edwards,SorqKSqmZ8wY2p,created
349,michael_rosales,QPlbf7OCV9tz11,created
350,robert_lucas,8L7koc9A33Im5g,created
351,brad_gonzalez,q38nrvzjapzpoc,created
352,bradley_allen,MoI9mGb1qBKMsK,created
353,michael_quinn,grsL4QyQCxpH5D,created
354,david_bright,jYSRa2oB23uQmF,created
355,kimberly_brown,xjO6mnXfvLwwk0,created
356,donald_jones,SAh335UwZZA5BD,created
357,mary_kim,WE47gPk1AXUU6J,created
358,jacob_perry,zUJ8JUja5p8Nsf,created
359,elizabeth_mccarthy,0167MgyM4guXuk,created
360,debra_roberts,XxFxhKFG9gQ9DE,created
361,alexandra_thompson,jRXiHX8NdhiXD7,created
362,eric_mata,dBnawdWMHj3XNU,created
363,john_pennington,Xj7fyQOH5nP5lp,created
364,kaitlyn_stone,69IVSyxjyQoQ71,created
365,shane_willis,wngN7rtYXKRZ1u,created
366,wesley_davis,lunCaQ4yO1qBZ2,created
367,rhonda_thompson,ZgE7byUAcdJDNY,created
368,jose_rodriguez,GLIOqx4Jm7yncS,created
369,danielle_shah,5ibICBLSY6iWWu,created
370,jeremy_johnson,toZ1WxtYWGBxXe,created
371,joseph_mack,1zfR3caY1ertdp,created
372,andrew_gillespie,VQxzVG8q8xXUQq,created
373,jennifer_hughes,UG13Cdsd7pCAEP,created
374,theresa_suarez,qdfolI14SoZViw,created
375,jeremy_hall,PZPXBuUOqZEHWq,created
376,mark_haney,i8dZNbcSgzX4DN,created
377,joshua_sanchez,eXaU3qU0YhIckW,created
378,heather_evans,t0gO4dbTYUnlV8,created
379,rachel_barajas,4lTxOj4y4jobES,created
380,timothy_chase,DFQ7byEbKJ66gp,created
381,brenda_zamora,hiTJoBmishWSYE,created
382,jessica_martinez,1tu9J12Z2bT89S,created
383,robert_cummings,kxbpNHLC5Kzwl6,created
384,kylie_cooper,DN7pX95P01qLQE,created
385,rebecca_white,JkkT7aSNWOdgLL,created
386,alexis_porter,xtWAyuMxuuY699,created
387,charlotte_chambers,jhxBX6DeaRwFV6,created
388,george_bell,fcYDQRxgITChZ5,created
389,michelle_francis,boYYkeIGmsY7f6,created
390,cheryl_rios,pjTMfYm9570ZjY,created
391,brandi_davis,Mxqv0kPg5vBzCn,created
392,kristen_carroll,fE1e8q1pMfXLwW,created
393,donna_taylor,XEZtDwZRoH4kkc,created
394,kyle_freeman,34KKOK3K1mYzYx,created
395,jack_anderson,GL99clyTvIKusl,created
396,jamie_fernandez,rcWk7BuAz6tH36,created
397,kimberly_walker,DaC7jH5vtWNfdJ,created
398,michael_ellis,RZVKk8WjsMxeaX,created
399,joseph_barnett,A4lyhjFibA3Bc2,created
400,daniel_fields,kw7yWeeAt35ttD,created
401,kaitlin_long,qaOe6YPe7RWrX2,created
402,brett_smith,6yYbJAjlo7cbL0,created
403,megan_gonzalez,tZIL6Nmj28MCD1,created
404,matthew_simpson,4Vp6pSW5Z9x5a8,created
405,jeremy_carr,PqYQXyjfxkw5oa,created
406,michelle_johnson,Q7sAoqZ2flSxK6,created
407,joshua_cooper,AOoe2vSFkg237i,created
408,stacy_houston,QousuuDPSWoc21,created
409,ebony_clark,4NkO82iBdkLYyP,created
410,tyler_calderon,WEu5CCIrraMFoW,created
411,edward_perry,GhcZxyhyQxmIRy,created
412,jonathon_sandoval,N0ZcFccXkgCHBi,created
413,brandon_jackson,okT7H36hHCNXbe,created
414,jessica_morris,C7FP9sQcNkhw9Q,created
415,shawn_robinson,ekpJ1MLWQbZShd,created
416,luis_warren,2onNFCvkh0oKok,created
417,glenn_ruiz,AaMv8yJYATpfE6,created
418,user_418,RLSCCTqT09peqJ,created
419,jeffrey_soto,mp8Mu8qr9hbxh9,created
420,catherine_kelly,VLDtLk9OFsZAly,created
421,nicholas_newman,4T8Pl8tYmNxVT0,created
422,kelly_wheeler,DW4iqhjfcUPTb1,created
423,lawrence_porter,YscNOpXcRNK39y,created
424,shari_rowland,k1QoldKWMFcCbW,created
425,courtney_ferguson,t3yoFy8jQBAcVQ,created
426,danielle_porter,yStx8cRPHvawYV,created
427,stacy_hogan,OYI6G0Epempa8M,created
428,alex_robertson,AztB8EVGbf5L2Y,created
429,melissa_torres,hS3rJjfHJHjAd7,created
430,ashley_stein,urbV8H7OpWVvnF,created
431,anthony_williams,P6cKrjDNycw014,created
432,david_garrett,rd8jthvbavOYq0,created
433,teresa_stokes,8zePltvLOdS08J,created
434,kevin_park,B7gA4vFZfNvDiM,created
435,samuel_wood,C9JvSvuWObxO38,created
436,april_shelton,6narHVWm4nNgHi,created
437,shelley_daniels,GXUC06jWEWE3Bp,created
438,samuel_mills,i5cMSdz7YSjO85,created
439,kevin_nicholson,ZUwdIdUQxtdpop,created
440,adam_davis,qDVVpbvEMTcUpf,created
441,brett_herring,ZZMl22AYHDUPtK,created
442,adrienne_sanchez,3cCYXHNwgMlASO,created
443,amanda_warner,PMDttUEm4b1NaC,created
444,richard_morales,1KRJyWqYOvgB7T,created
445,nichole_mclean,OUSQBJR2WWy6aE,created
446,ashley_davis,ImWaSZIVYtk3yd,created
447,jeffery_bowen,UvHLDC9nIOqbuL,created
448,alan_marshall,pqAwJnYenZYs45,created
449,justin_hebert,boeWaoNgEehxZv,created
450,kelly_olson,WqavMLAbNmqAAm,created
451,kristen_huynh,P3k9uzDATboUJp,created
452,sean_tran,21czZyIzZGYWwW,created
453,robert_kaufman,KeSntHlFRsavTZ,created
454,jennifer_lopez,cSmufwTnNA33ti,created
455,jason_sullivan,6ThhXPBRB8XiKS,created
456,james_boyer,KsLXdHUkipsLcw,created
457,jessica_galloway,kpKQ7sfOkdcpnt,created
458,john_miller,XY1DtxVi8KAHJE,created
459,selena_holland,mtKJkEoTKceUp1,created
460,tyrone_davis,klMitv1vCJhF4N,created
461,nicholas_cruz,3bEh3VFdd0iJGB,created
462,jose_christensen,NJRhpnsbsuXzWu,created
463,jeffrey_bishop,YwGFhbUs84osST,created
464,adam_little,cfhBde9BHBCPYY,created
465,noah_jones,4Pdh9FU0FEJkCf,created
466,debbie_bell,Ey738aeuVBQ7Z9,created
467,richard_rodriguez,BfoySXvtiyXjx9,created
468,brittany_flores,tZr2gWab73ZVjg,created
469,julie_stafford,QmaIipMmvLyhYv,created
470,nathan_hanson,fGSKceIvCBZ7Cb,created
471,brenda_garcia,4wu4TwodOYI1Ty,created
472,jean_lambert,V1VINhP3IxVHEc,created
473,steven_parks,nYlyCaUIR5lWee,created
474,seth_fields,1okTknRPWHujhu,created
475,rodney_miller,DmCJtbRibBkdr6,created
476,tara_guzman,a0fodd1dGBj07C,created
477,diana_patterson,b5ewY8ZOzYxGrQ,created
478,christine_thomas,qQNLkFdsxCM0RC,created
479,mitchell_woods,ZvuQawnc1lOfgW,created
480,shannon_vazquez,mx3xSqDMepwD6A,created
481,anna_bartlett,IScL2G8i3g4f1J,created
482,michele_ochoa,vLg4IpG8p1hEao,created
483,nicholas_marks,TVmc6PsqastNHD,created
484,christy_weeks,LOiiMc64rOLkuF,created
485,daniel_young,vGRYCZMbCEXDCR,created
486,joshua_hubbard,3D8akRdzI6lgHs,created
487,cynthia_newman,ujSjqoZ1I7RYjj,created
488,joshua_frey,rbP1PjaB1E6zhq,created
489,amber_wyatt,dkZBpCcFXgLIoD,created
490,mark_smith,52KCn2CqDIfuUQ,created
491,austin_farrell,nEzos4QUhmn5LW,created
492,todd_clark,93txkE2QuobclB,created
493,jeffrey_silva,OymtT7mB3Gxs6D,created
494,eric_pratt,bUeGBn9IG3BiVA,created
495,kristopher_hart,4jMkqJIRb7YSQb,created
496,joshua_smith,FL8bXibCA3UOpy,created
497,alexander_hudson,pEV7nwAkKlLqp0,created
498,ann_lyons,TNCz32DIfl6xJZ,created
499,robert_hicks,OqrSw6Ed7xZ1u3,created
500,jason_nunez,mhyuesp63hagG1,created
501,stephanie_barton,Jfe6cjSaQr9WGU,created
502,dawn_russell,PhscmdZJV2xGrN,created
503,cynthia_smith,JRj0jxSWtG6jTt,created
504,alexandra_smith,EZWrs3Vy3XiovG,created
505,linda_newman,c7dDR1DyjiwVwW,created
506,adam_moreno,nJ8pwQIh816dO5,created
507,christopher_thomas,Vpw71FKfvlwflO,created
508,tara_bonilla,L1o179ekjw4yly,created
509,michael_garcia,w224BfS0A7glra,created
510,george_brock,Xn19vi66L4A8A1,created
511,zachary_perez,Ug4eySTuRHN8Zt,created
512,robert_snyder,v6Q9iQBfVGH7tH,created
513,jeffrey_olson,WzmvnNGSuqOnXM,created
514,thomas_brown,MOXAr4YNCvQYuz,created
515,jenna_morris,q7LDMKsQGDnUTt,created
516,jennifer_ballard,mJC1sZyXxjZ9a4,created
517,gregory_howell,fRD8SxStpgRCUv,created
518,linda_acosta,3tdcIBEyuw1r3X,created
519,gina_foster,ju9HIOP5kYQ7uj,created
520,rachel_baker,SiC7NQeaD7TKgT,created
521,penny_johnston,fMvUv4LxEa6Gez,created
522,gabriel_baker,PizEfQiLLs1FYc,created
523,donald_davis,kf551NX4b39d5y,created
524,anna_hall,VklN5WcfBWJGrJ,created
525,sara_stanley,EJO52eTwH4nKEc,created
526,margaret_holmes,rnkH22cldWApRO,created
527,jimmy_moore,kwMgrZvl4nsVBi,created
528,antonio_garcia,h3tYXJJXstPjz7,created
529,jesse_gay,PIjDgJZsYA2wul,created
530,isabel_jackson,wa2yCqCOHgvI16,created
531,hannah_fisher,hQPMlNptrdsYee,created
532,anthony_james,XzwVAVvdmmtJhO,created
533,brandon_george,Wn1hSsx7cVr7sa,created
534,rebecca_ashley,Vp2KnjWOIX9apD,created
535,bruce_erickson,zocUnRrcZY6pOw,created
536,suzanne_farrell,z0h7hTzz4Usv5m,created
537,jacob_robinson,uZSNXXOnmI4Wmz,created
538,joseph_anderson,7cF8nNPdWH4KbH,created
539,alan_black,cFgI7vsm21TctI,created
540,laurie_simmons,nURdF2aEWfNrhj,created
541,andrea_willis,glVEwC5Atz7MoF,created
542,tim_boyd,oRho448cQUwWEX,created
543,carla_gilbert,GoOLAO2nI5PZm0,created
544,morgan_jensen,HGBDw1Jo9UDDiR,created
545,brittany_stuart,kpPgI4WT6EuBm1,created
546,matthew_brady,AvzsQUIvAdGUUT,created
547,steven_moore,cbJ2Us391WzMzm,created
548,rodney_esparza,upqsadRLFL83y6,created
549,charles_miles,DjMKsnIIhVHFgg,created
550,shirley_lee,fvCzefD2kX6ilv,created
551,julie_andrade,3gbn1KDAvd6Kg8,created
552,ernest_campbell,fMKDnjpEPe0xRO,created
553,michael_hooper,LBkbZOKeNqyPPj,created
554,ashley_smith,24Huv09nmP1Ciy,created
555,mason_smith,aOFB7mOSvA2jHe,created
556,robert_smith,a7Knab4GA3ccaF,created
557,charles_gray,C7PQFbOZXhY8sT,created
558,sylvia_reilly,KPXYtsyeqDJw9B,created
559,shawn_grant,TSl4kP5ojgeVg4,created
560,lisa_harvey,4ug5Bl5Wwd1hHp,created
561,ralph_mccarthy,tW2ROrA3CGZRio,created
562,meagan_caldwell,ivPtUnQCzK2Skm,created
563,pamela_newman,pKsye3DJTfLp86,created
564,melissa_hanna,3nqdvbNKbH0H3Q,created
565,nathaniel_jones,a0R8Ph5WYr49Kj,created
566,julie_maynard,CKmwS39sVg4Y1n,created
567,charles_freeman,XKoU9V2YOfcoeU,created
568,matthew_thomas,LqcMAuATaHJYvs,created
569,bobby_barton,9VAKmACUeAxivQ,created
570,colleen_white,UNANYA6NA3uYO0,created
571,douglas_lara,ZKKujOQqFxQ8FE,created
572,robert_rush,dEH3OEscrmKYmu,created
573,amanda_james,aLJr1HKhp35ZK6,created
574,steven_craig,2rHJ3R7X9pYoEy,created
575,james_evans,OM1hRONBgNwlLe,created
576,donna_nguyen,t1g1XtlMoS0pEH,created
577,cheryl_obrien,11yJs7ACab1aT4,created
578,george_smith,BhMbVB8HP5tigt,created
579,paul_duran,StfIsk6nZKfDRn,created
580,lisa_ortiz,2X8dkYwXNX3oXe,created
581,craig_webb,lK9Eg9NDFHvPKy,created
582,douglas_phillips,McvtuzbMiWp6yn,created
583,michael_myers,6VqeEOizTHhGBT,created
584,peter_jackson,1vOX8He16WyNEE,created
585,shawn_wallace,zinWSINJLI8Vpz,created
586,lisa_morgan,DIiOl2X6Jh4HbO,created
587,caroline_york,bw0drJbUDUO7W8,created
588,ryan_estrada,1g2ITgDTsZFeEM,created
589,david_york,y6CpGlIsRoiu3K,created
590,eric_dougherty,cXFxZsVfTmNZ5X,created
591,daniel_gibbs,pILBf0NG19TYgA,created
592,samuel_brown,xNi7Owm5SoHsmu,created
593,danielle_bell,RCMTsNK1bcHNom,created
594,mark_vazquez,JUEDzqnyGviQgs,created
595,jonathan_young,KliUHoi6aYWqE7,created
596,lee_thomas,vnO4Evi7UYKWde,created
597,tiffany_harris,uSIblrdJ6sQqhW,created
598,jose_herman,03QwgUHDjbCjmL,created
599,jennifer_horton,ySNukOolpVARLR,created
600,samantha_chambers,mOJHXE8PvhFAEd,created
601,nicole_cohen,FAFTSOpUwaK7GT,created
602,brittney_bell,tkrv360YzSHoMV,created
603,mary_bullock,B0dU4KI1dK8b4i,created
604,craig_woodward,rXPS5E5jEVdrkT,created
605,gary_molina,RvorXXZuGqk4nA,created
606,taylor_carter,1FmFxqSkl2bYJB,created
607,michelle_nguyen,n4z1kwAh3MH5hg,created
608,nancy_ramirez,rcjHkb25BMj8dF,created
609,natalie_bean,4BsSliHCQl0IU5,created
610,andrew_smith,Xpt3EMmt7S85nP,created
611,kevin_brennan,dnAWCSUfcXX7vn,created
612,melissa_gibson,B7PjxWKc3zKYmb,created
613,jorge_cervantes,W2e7WhsVoxYhGP,created
614,michael_bartlett,jLiDVO3IVsUG0X,created
615,tiffany_yang,KXhkCu7EsoWGsP,created
616,lorraine_sheppard,ctFfoQiL4PBN2f,created
617,user_617,vfM2jN95oQJuBB,created
618,ashley_gibbs,EXgnszDkLrVf7n,created
619,dawn_wood,zHGrrMOVZvyngB,created
620,bruce_ramirez,LeLtKdTveZEFxA,created
621,kristina_walker,2ujhlVZ4x920YF,created
622,christopher_joyce,EghkkmhlT5Ngn5,created
623,eric_wiggins,XMmHxug2XTsqjJ,created
624,kimberly_vincent,Z1hesR3795Jh2e,created
625,lisa_strickland,fSfCF06MtKwzUy,created
626,douglas_matthews,DZZjpec76Peb0J,created
627,elizabeth_moore,AJMxVqQADwRbGP,created
628,janice_clark,XEaSRkffubr25a,created
629,david_daugherty,YPaE0L94vb6Vg7,created
630,luis_leach,nBnB53Kl7LZTmi,created
631,jessica_sanchez,pgRJ8jRD3Ty6Dj,created
632,gregory_palmer,99zc6VdRBKhQMf,created
633,jennifer_hubbard,nBHu4HJDiC7wHo,created
634,cheryl_martin,8azgIk1MxKtXCA,created
635,peter_carter,8ffXUIaq2ZTdiz,created
636,christopher_cummings,rv9rCYKfExnFrj,created
637,matthew_boyer,jeLrWnkSDTmF7q,created
638,jesse_white,qszR0WAaHVWtTg,created
639,john_harris,pNfm0zGTL6AUF0,created
640,manuel_williams,vqdqypUT2jphi8,created
641,matthew_molina,XCESlnVPs2YbDe,created
642,angela_garner,Mpbl8khd6lIdEV,created
643,joseph_martinez,Pzbq8KfQp5ufrt,created
644,rachel_brown,1dVS0uhnKohUAb,created
645,carol_bradshaw,eAsfOvKX44g1Ht,created
646,ashley_taylor,6d1RI5p4YMfRiw,created
647,christopher_mclaughlin,i7saOFhhzYniaO,created
648,kim_bryant,Vb2V7BiIsAKKpJ,created
649,francisco_smith,8yGrlM45pGxc2S,created
650,nicholas_wheeler,WudizoPSJ8Wv2u,created
651,daniel_francis,wlOjKkK2nGLhZw,created
652,monique_hall,n2HmHAO2MvLgOq,created
653,bobby_cox,d7BrZh4LtFyRmT,created
654,cynthia_stevenson,y4HhA8rdg5NV8w,created
655,mark_thompson,igBmExpKyJbZRL,created
656,sean_jordan,VihgDgziYQ2omG,created
657,alexandra_avery,tfQXyro2uD0jj4,created
658,ricardo_jones,W1nQvCCO80Y52B,created
659,daniel_robinson,LWANplEmPAM4PI,created
660,joanna_wilkerson,sKDgJANawnQLXj,created
661,james_garza,zkdOiSmxXBLwi6,created
662,maria_payne,KRFSADULEZDEvY,created
663,charles_watson,nhFZzGmmsfrkQi,created
664,tony_black,Yb0lomr8PNmixX,created
665,jennifer_wiggins,ccG65qi7QCV1Fn,created
666,tracie_grant,GHfGr6dt2igJea,created
667,amanda_stokes,NFuYNKBrxcf4rD,created
668,tracey_cook,b8eWr60PIApuTt,created
669,julie_mcintyre,u5FFaMBPxIMfgm,created
670,brianna_frazier,Kxm3ISwCN03YUD,created
671,gary_garcia,Q7xwNSvYttj9Lp,created
672,kevin_gardner,wNjsHMcwohl5vf,created
673,herbert_butler,wPLn6tcCIAwa9T,created
674,christopher_poole,jexAOSSwm8CJgH,created
675,john_torres,nW9ekwmckp2VoA,created
676,andrea_harris,ps0wijUhdYNOLv,created
677,sherri_small,3FxC0HcK93P9Ph,created
678,john_davis,CAIDBAXuc3VPNw,created
679,seth_flynn,uTMwG6t80Ee57R,created
680,kevin_reid,AzqM5DIS4cW31U,created
681,jane_oliver,EFfLns5FzxMPSa,created
682,ryan_williams,R4h87r9R29ASsy,created
683,lori_mejia,ilUqur3cjFuFT9,created
684,terri_williams,XpcP2wQCfbX2fq,created
685,bonnie_barnett,B1keMdMFLNJDoB,created
686,nichole_smith,UUwKOk0CBobR3f,created
687,jason_holden,4sojKA2OjtfyMl,created
688,gary_walker,nLjtHKoL9Y3goI,created
689,frances_gordon,PwyFwIh70nmKQj,created
690,charles_jones,cDxvN6CfFUpuqS,created
691,lynn_alvarez,mFs2WJAxj3tdKw,created
692,james_robinson,IO0hKAxjjObUxS,created
693,justin_lam,BdzSa0PLswoSGr,created
694,colleen_nichols,GslNzQQ4nNRTFk,created
695,marissa_boyd,vnfO18dBqgiipi,created
696,meagan_hayes,9uslhRqBExVXIQ,created
697,reginald_brown,ZRsrMBZUYa6YZZ,created
698,jesse_collins,bhPaqPbHVDKHGI,created
699,daniel_yoder,X43mI4ujWHo74m,created
700,kevin_bradley,H9aZ8vbvcUgU6I,created
701,samantha_medina,7hmLAZaQrA5oXD,created
702,amber_barnett,lwZ2W91quOTifl,created
703,megan_flores,oNwsEwCwol9JWf,created
704,pamela_tate,Qys9gRceco70MU,created
705,kathryn_clark,L5K9pyOswnicth,created
706,tammy_romero,HxgWBpGtcIYWrm,created
707,cody_mitchell,DcZkzlqnU6oOZa,created
708,jacob_walker,MR3Eifilf3M6YM,created
709,jared_cole,BjWKcvpt72VgIB,created
710,joel_villegas,SNQdN7Hl5XF8FK,created
711,joseph_bennett,q5m3sFvhrU34F4,created
712,janice_fisher,JKCdVbPDLNYmzK,created
713,destiny_castaneda,I9XcHKrV8m1pBy,created
714,patricia_wagner,UxMLUGJ9MjBOWd,created
715,jake_evans,qlHIsv6rGvIyBK,created
716,kimberly_gibson,yCXtSFjWTEcywm,created
717,mary_mitchell,dPNf44HX6ND2uC,created
718,theresa_johnson,qL9zwp9Ct7sKUq,created
719,rhonda_martinez,TBfiCwlxX5ZFes,created
720,jessica_curry,TUgsLAjPOjBcmd,created
721,donna_madden,1XDgHhbyZkD6yR,created
722,jack_miller,YAyHuQpvMgoxD0,created
723,jessica_strickland,29RKqv0PdJqZPZ,created
724,megan_gregory,OrDhMKb0Wc0ja7,created
725,joseph_foley,Uc2ZnCmVU7It8Z,created
726,stephen_ruiz,hbwxEbTuZuhlAx,created
727,mackenzie_meadows,YEPFm2V5Yq3DbJ,created
728,robert_murillo,GKu2nCE7evMubk,created
729,user_729,eGwO5mYPusPrs1,created
730,john_mitchell,Gx7TfQBWmZaS41,created
731,gabriela_gonzalez,pi0PrXkGDIVDno,created
732,elizabeth_johnson,ftWd87JpdEs3up,created
733,user_733,UjhuMhf6EIaaX6,created
734,corey_day,An1TeBm4B9mdhC,created
735,joseph_campbell,d8IlR36Zhdh1x0,created
736,maurice_hancock,AMyIDr52MZRIZp,created
737,jason_edwards,1zYqpIVzcMw8wY,created
738,emily_mckenzie,BAeoFsLqzEO0Xh,created
739,joseph_lang,sTkXrAkYmpQZEy,created
740,april_chavez,IIen9w51EOkk7g,created
741,shannon_osborne,T0OugmgRwBokRQ,created
742,michael_clark,M5r4CIebLqtmWU,created
743,brenda_stafford,B5UoPcs4FnAkLb,created
744,justin_howell,gQHMcRSyDNK8Fm,created
745,megan_patrick,V4b6YMA4AgGyYH,created
746,kelly_henderson,tx63RTFwaEMRUv,created
747,amanda_lopez,DvjU8AaYPBUhKD,created
748,richard_carlson,IFUZW6tvjvIKaD,created
749,morgan_mcclain,9771XbEHKZ2ZtR,created
750,richard_ramirez,lWk0Uy9W2DrF3U,created
751,andrew_shepherd,8ZnDmTelENQyPt,created
752,curtis_bates,QPTXImegJrtfr5,created
753,belinda_bowman,uatvwzwGT1It4n,created
754,kathryn_foster,wWH4vU0IswG8MO,created
755,jacqueline_jones,YEr8amBvOv2QdQ,created
756,william_jefferson,UFLsDSdn0jJ1pB,created
757,christopher_blake,dYFxSigqLXwrIc,created
758,felicia_jones,Q0PyyDpZqFUGbt,created
759,sarah_lee,CnyMH7Tx30NYgw,created
760,shelia_madden,nPur3yyLpihkjA,created
761,jennifer_stevens,4OGC1ISfaVbVoi,created
762,adam_martinez,cxwHBmHr5MYyRs,created
763,adrienne_lopez,GnZChA6z2UvixX,created
764,kayla_fleming,Zprr60EpFfXJhG,created
765,calvin_jackson,gCbBickrw4BC5e,created
766,maria_mcintosh,yYH8YwFA2sSUNS,created
767,brian_pierce,b8h1HWvBFxDkBE,created
768,nicole_west,vlrqeCX6JuFM21,created
769,kenneth_cook,Jmj5dHUGEaK1Ka,created
770,stephanie_lee,ktWiEu5QYTOXSD,created
771,alejandro_johnson,SoQD7cFvYenMHK,created
772,george_johnson,lFLoK7o25AZXxD,created
773,carrie_walker,WmgWRAs4MQpzpm,created
774,teresa_carter,lltQ8k6celOqS6,created
775,patricia_fuller,D8ysHKKlKDzql0,created
776,james_shaw,foYhQc0h5GuuTP,created
777,erin_blake,OmtqI3HUnCntr4,created
778,kelly_navarro,AhvME8LJeVvHm8,created
779,brandon_roth,YLdMegEtIhqvpx,created
780,thomas_olsen,NEyGb9Gwyweco8,created
781,nicole_hughes,gzjGqhMq9MQyzO,created
782,thomas_doyle,oi2po5h1u9Sm66,created
783,edward_thomas,jyltv8pt0dB5uP,created
784,robert_robinson,GkbrhgmC4numBQ,created
785,cassandra_jones,yHQ53yS3mDwNpP,created
786,pamela_aguilar,fpAwCAWYFTW6vU,created
787,katie_gallegos,iSuzH3ctxzcKmk,created
788,joseph_wright,O8Lk9rGeTqhlbi,created
789,jasmine_vance,TwmlvJrx2Myz7g,created
790,robert_bryant,AmoLsLglIxIB9U,created
791,william_graves,R97oCtflcJpMGk,created
792,noah_campos,eDytiW62oVOSuu,created
793,regina_brown,WEu14yxIoliUxQ,created
794,jessica_hahn,gAGEpQy0nojRjb,created
795,danielle_gill,e7Wef27F77bpf2,created
796,shannon_johnson,dbggluOBa5IixU,created
797,sarah_wright,kJQ19kJFsahcae,created
798,nicholas_gray,mHHO9xBan1nWS6,created
799,jane_brooks,0A81aRqQw2rKGb,created
800,jo_johnson,wS9RMdUGvQoeCl,created
801,lauren_taylor,6l7dUKQeOd1bTF,created
802,james_ortiz,wbBJbI1aFHQZph,created
803,lisa_bailey,xkiqUC7vw8zunl,created
804,shannon_hayden,99BbgKdYJ5FvUb,created
805,paul_day,47YMKoZ7HCmtJW,created
806,shelly_peterson,9iIaz77IBZ3fWN,created
807,tiffany_king,qr7ZmiARP69BEl,created
808,megan_watson,7SEkoZ7TxzQcQP,created
809,april_boyle,qTTx7G1pEZyztw,created
810,sara_mckinney,EnvIQUAzsIgl1S,created
811,patrick_trevino,N1Nt2aXYwGEjDc,created
812,katherine_wood,ZVdF3DHpGLP6yh,created
813,joe_sanchez,V6BkC6pMj48cNX,created
814,jessica_glenn,mTyJAw0mhNGNRa,created
815,melissa_hopkins,dccjfhfRemIbUN,created
816,tiffany_williams,XQfSKQUqUSPmJo,created
817,emily_nelson,PZbNmGXgBjXfxE,created
818,cynthia_morris,a0UV6e3XridsSu,created
819,joseph_garcia,wVzuaoFnVcHugO,created
820,kristen_hunt,LJFRZmo3AsGa6O,created
821,kevin_clark,VcU7dPdkNnZ5Sl,created
822,paula_johnson,RmG29QdcTfR6nM,created
823,alexander_lewis,KNspFtsdRYvgYn,created
824,mary_jenkins,aIx5xeUujR5vvN,created
825,charles_trevino,Ayl0sIrlE7P4V5,created
826,jeffrey_ruiz,MFD0z6mnP2fN7U,created
827,jessica_gill,4eI0d3zhX7lt4I,created
828,deborah_martinez,PSW7Bhn5lcexH5,created
829,charles_thomas,w82UNT9Bgj3csW,created
830,elizabeth_perry,GtBXDTHZpQynfy,created
831,crystal_copeland,Pl18DZOMKE5ye6,created
832,christina_fields,kmZbkqyqXlIqhI,created
833,rebecca_lin,8HwteUpn9BDld6,created
834,user_834,hRIOjT4vAyUMh4,created
835,caroline_mcgrath,LUYyniC5I8CuFm,created
836,william_delgado,YkchGWeh4LJpjg,created
837,natalie_mendoza,fTR6Ea5jFPbAlV,created
838,matthew_wilkerson,087Pu5Jezsp9qf,created
839,angel_schmidt,otxshmYwBoSsiN,created
840,gary_wright,Bg8JLlcFzixUnn,created
841,tiffany_mcclure,Nsdki0bM2VlgOf,created
842,anthony_clark,iSy2C1dlTKxPuB,created
843,jeffrey_mckay,Ku0ROBVfQSizWa,created
844,allen_malone,piQS1QrUmY7ybD,created
845,dustin_gonzales,etgfCZi8jNeJeE,created
846,emily_baker,BJ79GHEqCDWBuM,created
847,rachel_johnson,JYt2urPJciInDL,created
848,theresa_mckenzie,X2axH0GDoDQMVo,created
849,misty_wheeler,iEvrJ6tG8uFotu,created
850,catherine_sandoval,7gAAc6KiulLkVS,created
851,leonard_wilkins,JN4OJVjfC3iB6A,created
852,jennifer_gonzalez,07eCWLwFZLpMvI,created
853,amber_reyes,JbN8FQsFuIKndj,created
854,tanner_king,toYRUl26L8N7Ml,created
855,andrew_hill,4Pu66g80gaOXRe,created
856,john_blankenship,QTF0HRV8KQTyKe,created
857,emily_fitzpatrick,TQqtMAGeZlo5rd,created
858,ryan_hernandez,r2jWJcDhRdhLPW,created
859,haley_miller,z5U6VvhMGvgmc2,created
860,mark_davis,CFIfXCEwRpuAZS,created
861,david_mccoy,uUUFhw2sH2k6HG,created
862,elizabeth_nunez,ZRZbrW7aZZysnX,created
863,peter_roberts,ZDNEV1yahmI2ON,created
864,lisa_walter,ZrEAKHjCCO3PfI,created
865,kristin_patton,LKFmP0bjFkezGV,created
866,megan_willis,8mx0mSLKTdqhc2,created
867,robert_rogers,pLgG7VxBEFpvU2,created
868,deborah_garcia,fNUgZbEASmBtF4,created
869,robin_patel,zseXq5KtiGmjdZ,created
870,amy_thompson,8SxVblCMfiN9Yq,created
871,shawn_webster,gmcdYGIAcm5DDw,created
872,tiffany_smith,HbRxOAWqyEfXBY,created
873,bradley_martinez,SoHmuaHRM0JuyB,created
874,randy_scott,NiG6onWCzZPiPc,created
875,julia_thomas,d2MNv49yrL1kpe,created
876,rebecca_sims,5ilVpn3rdQNRfC,created
877,richard_woods,6KQEDXy6roubSN,created
878,aaron_sanders,wtLMkKQKRVMBCe,created
879,arthur_brown,Qoc6RY1tqwzv1X,created
880,marie_estes,gfYuibcqdLYNzX,created
881,harold_hill,v6siCY45xIcUGa,created
882,bryan_contreras,QcfacuC2izjueF,created
883,danny_larsen,uh9H2bAVtGCbsz,created
884,matthew_rivera,aQFs6Jmxrel8Ip,created
885,bryan_wagner,tHkIcBasyZXrQH,created
886,laura_graham,ztR8p5ZCmfuMxh,created
887,stephanie_robles,vdKrFLpYAgtB0i,created
888,amanda_rodriguez,rqSVGBWdPIRk1L,created
889,christopher_davis,AbuLPlXmqEshOL,created
890,eugene_melton,zuQPEtCJtyblo1,created
891,vanessa_miller,cM6eJIUlkecAcq,created
892,user_892,19P7YHLoYg9Gu5,created
893,rebekah_hudson,6uxtE76OVjAfZm,created
894,taylor_allen,14KkQwPr1ltP6T,created
895,sara_olsen,f7orzUDgk5X2Xu,created
896,mark_freeman,i55uSMpNWL9jnf,created
897,bruce_hunt,qxJTWZpDFkntq0,created
898,gina_patterson,lLBhTSscVvqDcG,created
899,evan_cooley,WGL4CQnAdJZoti,created
900,kelly_page,2gxDjNq1kqitAl,created
901,roger_rush,gM5X4x4G0hQpyY,created
902,dillon_ferguson,6lSRl6oEvQbwuo,created
903,clayton_petersen,MMhUVymnDqGjGD,created
904,alex_lee,QwyBYaaitLXZG2,created
905,betty_peterson,Isb95riuHUwdcw,created
906,barbara_figueroa,6ni0n2xVPKd5BT,created
907,carol_stokes,DdCHfsOpv8jXUu,created
908,daniel_smith,BBx9Wd4iklEIL9,created
909,kathryn_dougherty,vOraGvqJVwimya,created
910,shawn_ingram,8fO7BgjFqVltbi,created
911,jeremy_martin,YMGYaODpGpwNCT,created
912,derek_porter,hBkCoUm3k9tWiB,created
913,andrew_cameron,ukNqT0LUMRsas1,created
914,william_hudson,CtUxa1Ow3LDMQj,created
915,bradley_hoffman,PAx9cyBUCybo6g,created
916,carolyn_boone,5Ol0AjZVfIF457,created
917,johnathan_lewis,Yo60r94UNvmMIE,created
918,michelle_barnes,Rtf1tLKSX1uLJl,created
919,brittany_cordova,GopQx4YqrXdNrO,created
920,jerry_mckenzie,KellVlZMSKz8UH,created
921,anthony_barrett,xyLiHDx201JO4z,created
922,joel_walsh,3GGTxwNiiZ3zji,created
923,jennifer_brock,zOtfPn24iYdeHB,created
924,sara_lee,iloESqLrE4laNA,created
925,john_jenkins,P8r2QN8ZrkzeSM,created
926,stephanie_hudson,XD1QUZYzva4N6e,created
927,barbara_palmer,2XpnsyUcBnhkLT,created
928,regular_928,UlXEWj8Jfn5ZIY,created
929,susan_ross,wikzRLBnl8zSb1,created
930,alexis_galvan,gRaqTsoEZhbRHU,created
931,lauren_wells,3iGaWOYn3n8a0E,created
932,ricky_frank,YKi5W7ZRDPYksp,created
933,jessica_barnes,2sl5uhne4yytsX,created
934,user_934,TA0lB3FH8Oangy,created
935,tammy_martin,nD6V0PYxyJbNog,created
936,jean_morris,YY2QaeYaHuEH1N,created
937,thomas_tyler,dNe3CmoWSrqaXy,created
938,christopher_gibson,qoI4KazCRZUdQm,created
939,john_chen,50YJ7d8JtFEJfe,created
940,juan_smith,95K0ZAWmqjBMKk,created
941,barbara_baldwin,jGiKz9ZkyMelHd,created
942,christopher_fowler,S2SFlacpTF1cRM,created
943,adrian_barnett,zTbbY6Zuzc0lIs,created
944,john_ross,6nXuEXHV4p1jyO,created
945,jeffrey_rivera,2uAwkkl535V9ve,created
946,dana_ramos,XOuR8nnDjONXQX,created
947,christina_gonzalez,2qTVKcgCPLLP9N,created
948,jessica_ochoa,uYTFCLlCsYQwR7,created
949,danielle_smith,Z0QB1zGujX5kci,created
950,david_lopez,04C53eQH1CXD8P,created
951,juan_howe,kIoH3TsIJcDRsh,created
952,jodi_hoffman,Lv6WFwlwdEMbRp,created
953,gary_sanders,PiJIoS5jvQrVw5,created
954,calvin_copeland,YR3kQ872HgjGkX,created
955,robert_nguyen,C39Nico4ogEtCs,created
956,dana_marks,ogGZaZxewdXZ3d,created
957,jacqueline_hurley,Xaxg4oJLEGVEBQ,created
958,aaron_johnson,vnfix5FrF5qitA,created
959,jonathan_jones,xztkXljDkqkoT2,created
960,brian_white,NYkA3ZLtlDTads,created
961,maria_wallace,MrgJi8x0eJgPsp,created
962,micheal_myers,fMfuag3abd7Y2M,created
963,hannah_novak,7zw30IFo1n7tS6,created
964,stephanie_white,4nWJWwaSmslh1S,created
965,isaac_barber,6LC7QMZaV4750D,created
966,james_taylor,U1u0Rq0KfApLIk,created
967,james_thompson,X2XjkeJct7S3wb,created
968,patrick_white,DBivNBb6d3MQcL,created
969,christopher_hill,UCp9gtMM7NSnHU,created
970,john_vasquez,AfY2e7jL5oQqYa,created
971,christopher_bryant,qCHoM0QbCs5zvh,created
972,christopher_goodwin,Ph58dhlM2PA5GF,created
973,fred_morgan,GyHQbtgU2hEo2y,created
974,rebecca_allison,K8IzmhRiQ969UC,created
975,melissa_baxter,4xdUDMnxJCXGkH,created
976,gregg_bailey,DFvzuoaC0gKn1Y,created
977,cody_melendez,u2wqTHkdeQoP7p,created
978,marc_werner,MaihSm7TZEfuLp,created
979,timothy_cain,qkyk5V4VXHLRsx,created
980,rhonda_smith,pC2QpdWOpVeNCA,created
981,lori_guzman,30DAqhtZsL4vlX,created
982,jerry_price,wmtWoCAzxNVup8,created
983,francisco_black,JotN42Lyara98U,created
984,michael_park,hk9sCo0D989ejt,created
985,tiffany_thompson,U6b87mFKsAD6AG,created
986,katherine_torres,nsxYQOv9fpv6sC,created
987,brenda_hudson,HTCYuAZ6yBpxgV,created
988,user_988,RijdeBfQeIhgsX,created
989,leah_wheeler,z0wTK32TF1ThT2,created
990,ryan_alvarez,Tk6ACYru8qpPED,created
991,danny_frost,hsXYxcK5cgl3RG,created
992,steven_murphy,2bjecP52UdLgl2,created
993,mario_schmidt,f8wIsNzfHkzyly,created
994,kristin_silva,d3LGIEXoa7yOWZ,created
995,karen_walton,dWdjmk3Uuoitrr,created
996,megan_munoz,LIJZzslWIX0VB4,created
997,robert_washington,ARCNTjyl3uqA5L,created
998,alan_khan,qBhRM1icstm2MB,created
999,jeffrey_brooks,JZYFniMLleAwKX,created
1000,andrea_mccoy,MeVKJXbOgwALhD,created
1001,chinmay1,ztiJisWE0nAj4u,created
